id,month,documents_registered_cnt,documents_registered_rev,estamps_challans_cnt,estamps_challans_rev,district,mmm,quarter,fiscal_year
1,2019-04-01,4533,59236363.0,0,0.0,Mahabubnagar,Apr,Q1,2019
2,2019-04-01,4151,41508762.0,0,0.0,Siddipet,Apr,Q1,2019
3,2019-04-01,2116,23674170.0,0,0.0,Rajanna Sircilla,Apr,Q1,2019
4,2019-04-01,1089,15915285.0,0,0.0,Mahabubabad,Apr,Q1,2019
5,2019-04-01,6133,82593256.0,0,0.0,Nalgonda,Apr,Q1,2019
6,2019-04-01,7413,113680902.0,0,0.0,Yadadri Bhuvanagiri,Apr,Q1,2019
7,2019-04-01,2748,58308650.0,0,0.0,Karimnagar,Apr,Q1,2019
8,2019-04-01,1384,27467135.0,0,0.0,Peddapalli,Apr,Q1,2019
9,2019-04-01,5268,724238098.0,0,0.0,Hyderabad,Apr,Q1,2019
10,2019-04-01,2726,21804047.0,0,0.0,Nagarkurnool,Apr,Q1,2019
11,2019-04-01,14140,1080766807.0,0,0.0,Medchal_Malkajgiri,Apr,Q1,2019
12,2019-04-01,563,5688052.0,0,0.0,Mulugu,Apr,Q1,2019
13,2019-04-01,542,12610700.0,0,0.0,Bhadradri Kothagudem,Apr,Q1,2019
14,2019-04-01,1943,26031616.0,0,0.0,Jagtial,Apr,Q1,2019
15,2019-04-01,2074,17019180.0,0,0.0,Jogulamba Gadwal,Apr,Q1,2019
16,2019-04-01,947,10639865.0,0,0.0,Warangal,Apr,Q1,2019
17,2019-04-01,4088,89082890.0,0,0.0,Khammam,Apr,Q1,2019
18,2019-04-01,8316,418960714.0,0,0.0,Sangareddy,Apr,Q1,2019
19,2019-04-01,2692,45800865.0,0,0.0,Suryapet,Apr,Q1,2019
20,2019-04-01,585,8302945.0,0,0.0,Kumurambheem Asifabad,Apr,Q1,2019
21,2019-04-01,1620,24326193.0,0,0.0,Mancherial,Apr,Q1,2019
22,2019-04-01,2876,26367902.0,0,0.0,Kamareddy,Apr,Q1,2019
23,2019-04-01,1043,12672655.0,0,0.0,Adilabad,Apr,Q1,2019
24,2019-04-01,2091,13948976.0,0,0.0,Narayanpet,Apr,Q1,2019
25,2019-04-01,2355,19227636.0,0,0.0,Wanaparthy,Apr,Q1,2019
26,2019-04-01,4562,60415544.0,0,0.0,Nizamabad,Apr,Q1,2019
27,2019-04-01,1767,18940764.0,0,0.0,Nirmal,Apr,Q1,2019
28,2019-04-01,4186,120047007.0,0,0.0,Hanumakonda,Apr,Q1,2019
29,2019-04-01,29436,2026355727.0,0,0.0,Rangareddy,Apr,Q1,2019
30,2019-04-01,2205,30584778.0,0,0.0,Medak,Apr,Q1,2019
31,2019-04-01,2372,30706161.0,0,0.0,Jangoan,Apr,Q1,2019
32,2019-04-01,2259,26570227.0,0,0.0,Vikarabad,Apr,Q1,2019
33,2019-05-01,1230,15030867.0,0,0.0,Warangal,May,Q1,2019
34,2019-05-01,3352,26907600.0,0,0.0,Kamareddy,May,Q1,2019
35,2019-05-01,2312,29341793.0,0,0.0,Jagtial,May,Q1,2019
36,2019-05-01,782,12779175.0,0,0.0,Bhadradri Kothagudem,May,Q1,2019
37,2019-05-01,616,6059339.0,0,0.0,Mulugu,May,Q1,2019
38,2019-05-01,2260,33143566.0,0,0.0,Mancherial,May,Q1,2019
39,2019-05-01,5095,93397223.0,0,0.0,Khammam,May,Q1,2019
40,2019-05-01,2400,68953812.0,0,0.0,Medak,May,Q1,2019
41,2019-05-01,4478,49926112.0,0,0.0,Siddipet,May,Q1,2019
42,2019-05-01,8787,161615746.0,0,0.0,Yadadri Bhuvanagiri,May,Q1,2019
43,2019-05-01,5047,71038874.0,0,0.0,Nizamabad,May,Q1,2019
44,2019-05-01,1615,11855661.0,0,0.0,Narayanpet,May,Q1,2019
45,2019-05-01,2968,38073544.0,0,0.0,Jangoan,May,Q1,2019
46,2019-05-01,3029,60448065.0,0,0.0,Karimnagar,May,Q1,2019
47,2019-05-01,1092,15177385.0,0,0.0,Adilabad,May,Q1,2019
48,2019-05-01,1788,20714061.0,0,0.0,Nirmal,May,Q1,2019
49,2019-05-01,6592,90267315.0,0,0.0,Nalgonda,May,Q1,2019
50,2019-05-01,3471,25935850.0,0,0.0,Nagarkurnool,May,Q1,2019
51,2019-05-01,8494,425344246.0,0,0.0,Sangareddy,May,Q1,2019
52,2019-05-01,414,4902685.0,0,0.0,Kumurambheem Asifabad,May,Q1,2019
53,2019-05-01,2392,21224914.0,0,0.0,Jogulamba Gadwal,May,Q1,2019
54,2019-05-01,2809,20217773.0,0,0.0,Wanaparthy,May,Q1,2019
55,2019-05-01,31310,2027201202.0,0,0.0,Rangareddy,May,Q1,2019
56,2019-05-01,5210,754708131.0,0,0.0,Hyderabad,May,Q1,2019
57,2019-05-01,4301,73344601.0,0,0.0,Mahabubnagar,May,Q1,2019
58,2019-05-01,1554,27369396.0,0,0.0,Peddapalli,May,Q1,2019
59,2019-05-01,2097,23745502.0,0,0.0,Rajanna Sircilla,May,Q1,2019
60,2019-05-01,5395,151385340.0,0,0.0,Hanumakonda,May,Q1,2019
61,2019-05-01,2347,26915352.0,0,0.0,Vikarabad,May,Q1,2019
62,2019-05-01,1468,19541233.0,0,0.0,Mahabubabad,May,Q1,2019
63,2019-05-01,16036,1231074513.0,0,0.0,Medchal_Malkajgiri,May,Q1,2019
64,2019-05-01,3460,53073454.0,0,0.0,Suryapet,May,Q1,2019
65,2019-06-01,1701,12770293.0,0,0.0,Narayanpet,Jun,Q1,2019
66,2019-06-01,3276,63248165.0,0,0.0,Karimnagar,Jun,Q1,2019
67,2019-06-01,5625,50053613.0,0,0.0,Siddipet,Jun,Q1,2019
68,2019-06-01,5015,746210249.0,0,0.0,Hyderabad,Jun,Q1,2019
69,2019-06-01,4541,141468882.0,0,0.0,Hanumakonda,Jun,Q1,2019
70,2019-06-01,1994,26534317.0,0,0.0,Mancherial,Jun,Q1,2019
71,2019-06-01,2053,33732651.0,0,0.0,Peddapalli,Jun,Q1,2019
72,2019-06-01,1276,14677798.0,0,0.0,Warangal,Jun,Q1,2019
73,2019-06-01,9280,106077226.0,0,0.0,Yadadri Bhuvanagiri,Jun,Q1,2019
74,2019-06-01,24084,2089441609.0,0,0.0,Rangareddy,Jun,Q1,2019
75,2019-06-01,4267,29213266.0,0,0.0,Nagarkurnool,Jun,Q1,2019
76,2019-06-01,1392,18292822.0,0,0.0,Mahabubabad,Jun,Q1,2019
77,2019-06-01,3319,46934818.0,0,0.0,Suryapet,Jun,Q1,2019
78,2019-06-01,8251,388914751.0,0,0.0,Sangareddy,Jun,Q1,2019
79,2019-06-01,520,5626095.0,0,0.0,Kumurambheem Asifabad,Jun,Q1,2019
80,2019-06-01,1860,20888875.0,0,0.0,Nirmal,Jun,Q1,2019
81,2019-06-01,2527,17696126.0,0,0.0,Wanaparthy,Jun,Q1,2019
82,2019-06-01,5049,99823253.0,0,0.0,Khammam,Jun,Q1,2019
83,2019-06-01,3565,50331243.0,0,0.0,Mahabubnagar,Jun,Q1,2019
84,2019-06-01,705,13006275.0,0,0.0,Bhadradri Kothagudem,Jun,Q1,2019
85,2019-06-01,11808,942570587.0,0,0.0,Medchal_Malkajgiri,Jun,Q1,2019
86,2019-06-01,824,11443194.0,0,0.0,Adilabad,Jun,Q1,2019
87,2019-06-01,2613,45801812.0,0,0.0,Medak,Jun,Q1,2019
88,2019-06-01,2766,34975070.0,0,0.0,Jangoan,Jun,Q1,2019
89,2019-06-01,5258,66957257.0,0,0.0,Nizamabad,Jun,Q1,2019
90,2019-06-01,7146,104282218.0,0,0.0,Nalgonda,Jun,Q1,2019
91,2019-06-01,2388,27212704.0,0,0.0,Rajanna Sircilla,Jun,Q1,2019
92,2019-06-01,3595,34889349.0,0,0.0,Kamareddy,Jun,Q1,2019
93,2019-06-01,2672,32368172.0,0,0.0,Jagtial,Jun,Q1,2019
94,2019-06-01,721,6553495.0,0,0.0,Mulugu,Jun,Q1,2019
95,2019-06-01,2072,29390216.0,0,0.0,Vikarabad,Jun,Q1,2019
96,2019-06-01,1753,24300464.0,0,0.0,Jogulamba Gadwal,Jun,Q1,2019
97,2019-07-01,3210,38094533.0,0,0.0,Jangoan,Jul,Q2,2019
98,2019-07-01,2635,31158113.0,0,0.0,Vikarabad,Jul,Q2,2019
99,2019-07-01,1022,9855642.0,0,0.0,Mulugu,Jul,Q2,2019
100,2019-07-01,4709,70377544.0,0,0.0,Suryapet,Jul,Q2,2019
101,2019-07-01,29063,1762830038.0,0,0.0,Rangareddy,Jul,Q2,2019
102,2019-07-01,8928,115173858.0,0,0.0,Nalgonda,Jul,Q2,2019
103,2019-07-01,5749,74149259.0,0,0.0,Nizamabad,Jul,Q2,2019
104,2019-07-01,1186,17853370.0,0,0.0,Adilabad,Jul,Q2,2019
105,2019-07-01,5056,58994710.0,0,0.0,Mahabubnagar,Jul,Q2,2019
106,2019-07-01,5575,47714647.0,0,0.0,Siddipet,Jul,Q2,2019
107,2019-07-01,3835,32920357.0,0,0.0,Kamareddy,Jul,Q2,2019
108,2019-07-01,9448,134999011.0,0,0.0,Yadadri Bhuvanagiri,Jul,Q2,2019
109,2019-07-01,5892,152570326.0,0,0.0,Hanumakonda,Jul,Q2,2019
110,2019-07-01,2127,22890600.0,0,0.0,Nirmal,Jul,Q2,2019
111,2019-07-01,3460,22968808.0,0,0.0,Wanaparthy,Jul,Q2,2019
112,2019-07-01,4185,28345301.0,0,0.0,Nagarkurnool,Jul,Q2,2019
113,2019-07-01,2236,34112815.0,0,0.0,Peddapalli,Jul,Q2,2019
114,2019-07-01,2434,33016334.0,0,0.0,Mancherial,Jul,Q2,2019
115,2019-07-01,2187,16498551.0,0,0.0,Narayanpet,Jul,Q2,2019
116,2019-07-01,5573,658623385.0,0,0.0,Hyderabad,Jul,Q2,2019
117,2019-07-01,504,5472687.0,0,0.0,Kumurambheem Asifabad,Jul,Q2,2019
118,2019-07-01,2413,25639647.0,0,0.0,Rajanna Sircilla,Jul,Q2,2019
119,2019-07-01,1858,19590782.0,0,0.0,Mahabubabad,Jul,Q2,2019
120,2019-07-01,1451,17966223.0,0,0.0,Warangal,Jul,Q2,2019
121,2019-07-01,3106,35101355.0,0,0.0,Jagtial,Jul,Q2,2019
122,2019-07-01,3068,22574155.0,0,0.0,Jogulamba Gadwal,Jul,Q2,2019
123,2019-07-01,3675,69644228.0,0,0.0,Karimnagar,Jul,Q2,2019
124,2019-07-01,2909,38470965.0,0,0.0,Medak,Jul,Q2,2019
125,2019-07-01,10308,406370671.0,0,0.0,Sangareddy,Jul,Q2,2019
126,2019-07-01,14497,1017656366.0,0,0.0,Medchal_Malkajgiri,Jul,Q2,2019
127,2019-07-01,708,13359678.0,0,0.0,Bhadradri Kothagudem,Jul,Q2,2019
128,2019-07-01,5472,98933054.0,0,0.0,Khammam,Jul,Q2,2019
129,2019-08-01,4864,73289753.0,0,0.0,Mahabubnagar,Aug,Q2,2019
130,2019-08-01,387,5255110.0,0,0.0,Kumurambheem Asifabad,Aug,Q2,2019
131,2019-08-01,27288,2010161113.0,0,0.0,Rangareddy,Aug,Q2,2019
132,2019-08-01,2493,22575950.0,0,0.0,Rajanna Sircilla,Aug,Q2,2019
133,2019-08-01,2710,24438466.0,0,0.0,Kamareddy,Aug,Q2,2019
134,2019-08-01,2197,33431499.0,0,0.0,Vikarabad,Aug,Q2,2019
135,2019-08-01,5956,797295938.0,0,0.0,Hyderabad,Aug,Q2,2019
136,2019-08-01,14718,1122098095.0,0,0.0,Medchal_Malkajgiri,Aug,Q2,2019
137,2019-08-01,2497,32248561.0,0,0.0,Jagtial,Aug,Q2,2019
138,2019-08-01,816,7554861.0,0,0.0,Mulugu,Aug,Q2,2019
139,2019-08-01,2920,35046121.0,0,0.0,Jangoan,Aug,Q2,2019
140,2019-08-01,7865,113198332.0,0,0.0,Yadadri Bhuvanagiri,Aug,Q2,2019
141,2019-08-01,5062,62483945.0,0,0.0,Nizamabad,Aug,Q2,2019
142,2019-08-01,4997,135863416.0,0,0.0,Hanumakonda,Aug,Q2,2019
143,2019-08-01,1523,15199278.0,0,0.0,Nirmal,Aug,Q2,2019
144,2019-08-01,1124,14955291.0,0,0.0,Adilabad,Aug,Q2,2019
145,2019-08-01,3091,22700059.0,0,0.0,Wanaparthy,Aug,Q2,2019
146,2019-08-01,7301,88276635.0,0,0.0,Nalgonda,Aug,Q2,2019
147,2019-08-01,833,15008087.0,0,0.0,Bhadradri Kothagudem,Aug,Q2,2019
148,2019-08-01,2519,18515918.0,0,0.0,Jogulamba Gadwal,Aug,Q2,2019
149,2019-08-01,1842,31819721.0,0,0.0,Peddapalli,Aug,Q2,2019
150,2019-08-01,2569,31935569.0,0,0.0,Medak,Aug,Q2,2019
151,2019-08-01,1332,18341690.0,0,0.0,Warangal,Aug,Q2,2019
152,2019-08-01,3784,73473475.0,0,0.0,Karimnagar,Aug,Q2,2019
153,2019-08-01,1715,30332822.0,0,0.0,Mancherial,Aug,Q2,2019
154,2019-08-01,5798,62277913.0,0,0.0,Siddipet,Aug,Q2,2019
155,2019-08-01,1648,19611924.0,0,0.0,Mahabubabad,Aug,Q2,2019
156,2019-08-01,4164,28291631.0,0,0.0,Nagarkurnool,Aug,Q2,2019
157,2019-08-01,1826,12672060.0,0,0.0,Narayanpet,Aug,Q2,2019
158,2019-08-01,5246,96601052.0,0,0.0,Khammam,Aug,Q2,2019
159,2019-08-01,9685,413909852.0,0,0.0,Sangareddy,Aug,Q2,2019
160,2019-08-01,4144,57763766.0,0,0.0,Suryapet,Aug,Q2,2019
161,2019-09-01,3078,28949349.0,0,0.0,Kamareddy,Sep,Q2,2019
162,2019-09-01,4281,64062953.0,0,0.0,Mahabubnagar,Sep,Q2,2019
163,2019-09-01,754,6473599.0,0,0.0,Mulugu,Sep,Q2,2019
164,2019-09-01,4738,54820621.0,0,0.0,Nizamabad,Sep,Q2,2019
165,2019-09-01,2624,17206310.0,0,0.0,Wanaparthy,Sep,Q2,2019
166,2019-09-01,2478,26907074.0,0,0.0,Jagtial,Sep,Q2,2019
167,2019-09-01,3643,63594054.0,0,0.0,Karimnagar,Sep,Q2,2019
168,2019-09-01,4960,135703564.0,0,0.0,Hanumakonda,Sep,Q2,2019
169,2019-09-01,3910,447847595.0,0,0.0,Hyderabad,Sep,Q2,2019
170,2019-09-01,1778,14008668.0,0,0.0,Narayanpet,Sep,Q2,2019
171,2019-09-01,7337,87408229.0,0,0.0,Nalgonda,Sep,Q2,2019
172,2019-09-01,801,15818167.0,0,0.0,Adilabad,Sep,Q2,2019
173,2019-09-01,611,11952990.0,0,0.0,Bhadradri Kothagudem,Sep,Q2,2019
174,2019-09-01,1632,23754440.0,0,0.0,Mancherial,Sep,Q2,2019
175,2019-09-01,280,3056614.0,0,0.0,Kumurambheem Asifabad,Sep,Q2,2019
176,2019-09-01,8096,436896437.0,0,0.0,Sangareddy,Sep,Q2,2019
177,2019-09-01,2409,21464218.0,0,0.0,Rajanna Sircilla,Sep,Q2,2019
178,2019-09-01,4093,81625269.0,0,0.0,Khammam,Sep,Q2,2019
179,2019-09-01,2452,30412836.0,0,0.0,Jangoan,Sep,Q2,2019
180,2019-09-01,3449,24156093.0,0,0.0,Nagarkurnool,Sep,Q2,2019
181,2019-09-01,2078,21904010.0,0,0.0,Vikarabad,Sep,Q2,2019
182,2019-09-01,1171,14836623.0,0,0.0,Warangal,Sep,Q2,2019
183,2019-09-01,1968,12895743.0,0,0.0,Jogulamba Gadwal,Sep,Q2,2019
184,2019-09-01,1675,15998743.0,0,0.0,Nirmal,Sep,Q2,2019
185,2019-09-01,1467,15868051.0,0,0.0,Mahabubabad,Sep,Q2,2019
186,2019-09-01,1574,24092340.0,0,0.0,Peddapalli,Sep,Q2,2019
187,2019-09-01,10060,151915060.0,0,0.0,Yadadri Bhuvanagiri,Sep,Q2,2019
188,2019-09-01,25274,1933407716.0,0,0.0,Rangareddy,Sep,Q2,2019
189,2019-09-01,5103,44403848.0,0,0.0,Siddipet,Sep,Q2,2019
190,2019-09-01,2251,29548372.0,0,0.0,Medak,Sep,Q2,2019
191,2019-09-01,12399,1009699757.0,0,0.0,Medchal_Malkajgiri,Sep,Q2,2019
192,2019-09-01,3335,53229881.0,0,0.0,Suryapet,Sep,Q2,2019
193,2019-10-01,7535,322031312.0,0,0.0,Sangareddy,Oct,Q3,2019
194,2019-10-01,2309,27481586.0,0,0.0,Medak,Oct,Q3,2019
195,2019-10-01,12870,960760982.0,0,0.0,Medchal_Malkajgiri,Oct,Q3,2019
196,2019-10-01,1595,11858788.0,0,0.0,Narayanpet,Oct,Q3,2019
197,2019-10-01,2302,28389435.0,0,0.0,Jangoan,Oct,Q3,2019
198,2019-10-01,6399,77880007.0,0,0.0,Nalgonda,Oct,Q3,2019
199,2019-10-01,24410,1808694819.0,0,0.0,Rangareddy,Oct,Q3,2019
200,2019-10-01,5139,53915598.0,0,0.0,Siddipet,Oct,Q3,2019
201,2019-10-01,1224,15367793.0,0,0.0,Mahabubabad,Oct,Q3,2019
202,2019-10-01,4603,612956204.0,0,0.0,Hyderabad,Oct,Q3,2019
203,2019-10-01,2061,29631359.0,0,0.0,Vikarabad,Oct,Q3,2019
204,2019-10-01,2864,48430668.0,0,0.0,Suryapet,Oct,Q3,2019
205,2019-10-01,4583,60778637.0,0,0.0,Nizamabad,Oct,Q3,2019
206,2019-10-01,881,10277285.0,0,0.0,Adilabad,Oct,Q3,2019
207,2019-10-01,692,5598122.0,0,0.0,Mulugu,Oct,Q3,2019
208,2019-10-01,1635,26801116.0,0,0.0,Mancherial,Oct,Q3,2019
209,2019-10-01,2180,24713520.0,0,0.0,Jagtial,Oct,Q3,2019
210,2019-10-01,1596,16085446.0,0,0.0,Nirmal,Oct,Q3,2019
211,2019-10-01,3265,66449860.0,0,0.0,Karimnagar,Oct,Q3,2019
212,2019-10-01,4220,81248954.0,0,0.0,Khammam,Oct,Q3,2019
213,2019-10-01,2008,25252869.0,0,0.0,Peddapalli,Oct,Q3,2019
214,2019-10-01,2576,16297175.0,0,0.0,Wanaparthy,Oct,Q3,2019
215,2019-10-01,4289,62143167.0,0,0.0,Mahabubnagar,Oct,Q3,2019
216,2019-10-01,712,12677945.0,0,0.0,Bhadradri Kothagudem,Oct,Q3,2019
217,2019-10-01,1909,15821250.0,0,0.0,Jogulamba Gadwal,Oct,Q3,2019
218,2019-10-01,1011,11442985.0,0,0.0,Warangal,Oct,Q3,2019
219,2019-10-01,2155,20876708.0,0,0.0,Rajanna Sircilla,Oct,Q3,2019
220,2019-10-01,2965,23957219.0,0,0.0,Nagarkurnool,Oct,Q3,2019
221,2019-10-01,2548,21200384.0,0,0.0,Kamareddy,Oct,Q3,2019
222,2019-10-01,8233,120542910.0,0,0.0,Yadadri Bhuvanagiri,Oct,Q3,2019
223,2019-10-01,239,3877226.0,0,0.0,Kumurambheem Asifabad,Oct,Q3,2019
224,2019-10-01,4847,143239985.0,0,0.0,Hanumakonda,Oct,Q3,2019
225,2019-11-01,1755,29444560.0,0,0.0,Medak,Nov,Q3,2019
226,2019-11-01,1563,22840845.0,0,0.0,Mancherial,Nov,Q3,2019
227,2019-11-01,4666,38005955.0,0,0.0,Siddipet,Nov,Q3,2019
228,2019-11-01,2192,63537802.0,0,0.0,Jangoan,Nov,Q3,2019
229,2019-11-01,1854,13905589.0,0,0.0,Jogulamba Gadwal,Nov,Q3,2019
230,2019-11-01,1991,23161905.0,0,0.0,Vikarabad,Nov,Q3,2019
231,2019-11-01,510,11605895.0,0,0.0,Bhadradri Kothagudem,Nov,Q3,2019
232,2019-11-01,3319,65404640.0,0,0.0,Karimnagar,Nov,Q3,2019
233,2019-11-01,1342,14521330.0,0,0.0,Nirmal,Nov,Q3,2019
234,2019-11-01,862,7577874.0,0,0.0,Mulugu,Nov,Q3,2019
235,2019-11-01,2774,22911353.0,0,0.0,Nagarkurnool,Nov,Q3,2019
236,2019-11-01,7917,326206436.0,0,0.0,Sangareddy,Nov,Q3,2019
237,2019-11-01,1197,16466357.0,0,0.0,Mahabubabad,Nov,Q3,2019
238,2019-11-01,4876,137448091.0,0,0.0,Hanumakonda,Nov,Q3,2019
239,2019-11-01,13243,1086466648.0,0,0.0,Medchal_Malkajgiri,Nov,Q3,2019
240,2019-11-01,2703,25998774.0,0,0.0,Kamareddy,Nov,Q3,2019
241,2019-11-01,4102,60830591.0,0,0.0,Mahabubnagar,Nov,Q3,2019
242,2019-11-01,1968,19924292.0,0,0.0,Rajanna Sircilla,Nov,Q3,2019
243,2019-11-01,5631,83622562.0,0,0.0,Nalgonda,Nov,Q3,2019
244,2019-11-01,4536,62130368.0,0,0.0,Nizamabad,Nov,Q3,2019
245,2019-11-01,5071,768221659.0,0,0.0,Hyderabad,Nov,Q3,2019
246,2019-11-01,7154,101753131.0,0,0.0,Yadadri Bhuvanagiri,Nov,Q3,2019
247,2019-11-01,4154,84400983.0,0,0.0,Khammam,Nov,Q3,2019
248,2019-11-01,974,15390223.0,0,0.0,Warangal,Nov,Q3,2019
249,2019-11-01,1495,12984080.0,0,0.0,Narayanpet,Nov,Q3,2019
250,2019-11-01,2321,18429221.0,0,0.0,Wanaparthy,Nov,Q3,2019
251,2019-11-01,318,3510685.0,0,0.0,Kumurambheem Asifabad,Nov,Q3,2019
252,2019-11-01,24308,1900190527.0,0,0.0,Rangareddy,Nov,Q3,2019
253,2019-11-01,900,14256963.0,0,0.0,Adilabad,Nov,Q3,2019
254,2019-11-01,2020,27837785.0,0,0.0,Jagtial,Nov,Q3,2019
255,2019-11-01,2756,47478958.0,0,0.0,Suryapet,Nov,Q3,2019
256,2019-11-01,1733,24768431.0,0,0.0,Peddapalli,Nov,Q3,2019
257,2019-12-01,8615,384598579.0,0,0.0,Sangareddy,Dec,Q3,2019
258,2019-12-01,3533,54070047.0,0,0.0,Suryapet,Dec,Q3,2019
259,2019-12-01,4090,88675750.0,0,0.0,Mahabubnagar,Dec,Q3,2019
260,2019-12-01,3231,24296657.0,0,0.0,Kamareddy,Dec,Q3,2019
261,2019-12-01,2681,33031207.0,0,0.0,Jagtial,Dec,Q3,2019
262,2019-12-01,4161,82730665.0,0,0.0,Karimnagar,Dec,Q3,2019
263,2019-12-01,1252,20965877.0,0,0.0,Warangal,Dec,Q3,2019
264,2019-12-01,2598,38030142.0,0,0.0,Medak,Dec,Q3,2019
265,2019-12-01,2027,13401500.0,0,0.0,Jogulamba Gadwal,Dec,Q3,2019
266,2019-12-01,2261,21228175.0,0,0.0,Rajanna Sircilla,Dec,Q3,2019
267,2019-12-01,1941,29201390.0,0,0.0,Peddapalli,Dec,Q3,2019
268,2019-12-01,1595,23309028.0,0,0.0,Mahabubabad,Dec,Q3,2019
269,2019-12-01,14416,1156263714.0,0,0.0,Medchal_Malkajgiri,Dec,Q3,2019
270,2019-12-01,5220,103834902.0,0,0.0,Khammam,Dec,Q3,2019
271,2019-12-01,2495,20932006.0,0,0.0,Wanaparthy,Dec,Q3,2019
272,2019-12-01,1762,19964775.0,0,0.0,Nirmal,Dec,Q3,2019
273,2019-12-01,3023,25540937.0,0,0.0,Nagarkurnool,Dec,Q3,2019
274,2019-12-01,2359,30804967.0,0,0.0,Vikarabad,Dec,Q3,2019
275,2019-12-01,1173,17703534.0,0,0.0,Adilabad,Dec,Q3,2019
276,2019-12-01,557,12473935.0,0,0.0,Bhadradri Kothagudem,Dec,Q3,2019
277,2019-12-01,25924,2050739767.0,0,0.0,Rangareddy,Dec,Q3,2019
278,2019-12-01,2604,31042865.0,0,0.0,Jangoan,Dec,Q3,2019
279,2019-12-01,1812,32307331.0,0,0.0,Mancherial,Dec,Q3,2019
280,2019-12-01,5440,163289204.0,0,0.0,Hanumakonda,Dec,Q3,2019
281,2019-12-01,6615,89382067.0,0,0.0,Nalgonda,Dec,Q3,2019
282,2019-12-01,5453,77453907.0,0,0.0,Nizamabad,Dec,Q3,2019
283,2019-12-01,747,6376463.0,0,0.0,Mulugu,Dec,Q3,2019
284,2019-12-01,5954,52786211.0,0,0.0,Siddipet,Dec,Q3,2019
285,2019-12-01,6061,752855272.0,0,0.0,Hyderabad,Dec,Q3,2019
286,2019-12-01,390,5178860.0,0,0.0,Kumurambheem Asifabad,Dec,Q3,2019
287,2019-12-01,1826,13948618.0,0,0.0,Narayanpet,Dec,Q3,2019
288,2019-12-01,8624,119971816.0,0,0.0,Yadadri Bhuvanagiri,Dec,Q3,2019
289,2020-01-01,3256,21360534.0,0,0.0,Kamareddy,Jan,Q4,2019
290,2020-01-01,5252,163242605.0,0,0.0,Hanumakonda,Jan,Q4,2019
291,2020-01-01,464,12467121.0,0,0.0,Bhadradri Kothagudem,Jan,Q4,2019
292,2020-01-01,5194,59314154.0,0,0.0,Nizamabad,Jan,Q4,2019
293,2020-01-01,1917,19918125.0,0,0.0,Rajanna Sircilla,Jan,Q4,2019
294,2020-01-01,1878,23127713.0,0,0.0,Vikarabad,Jan,Q4,2019
295,2020-01-01,624,5881707.0,0,0.0,Mulugu,Jan,Q4,2019
296,2020-01-01,2216,25500870.0,0,0.0,Jangoan,Jan,Q4,2019
297,2020-01-01,1528,31381830.0,0,0.0,Peddapalli,Jan,Q4,2019
298,2020-01-01,5293,658828489.0,0,0.0,Hyderabad,Jan,Q4,2019
299,2020-01-01,1512,10865635.0,0,0.0,Narayanpet,Jan,Q4,2019
300,2020-01-01,950,14521521.0,0,0.0,Adilabad,Jan,Q4,2019
301,2020-01-01,7369,280243584.0,0,0.0,Sangareddy,Jan,Q4,2019
302,2020-01-01,2486,44629057.0,0,0.0,Medak,Jan,Q4,2019
303,2020-01-01,1921,17614714.0,0,0.0,Jogulamba Gadwal,Jan,Q4,2019
304,2020-01-01,2730,18293182.0,0,0.0,Nagarkurnool,Jan,Q4,2019
305,2020-01-01,4999,93694535.0,0,0.0,Khammam,Jan,Q4,2019
306,2020-01-01,22237,1805104882.0,0,0.0,Rangareddy,Jan,Q4,2019
307,2020-01-01,1514,23052140.0,0,0.0,Mancherial,Jan,Q4,2019
308,2020-01-01,3236,63524654.0,0,0.0,Karimnagar,Jan,Q4,2019
309,2020-01-01,1049,13700735.0,0,0.0,Warangal,Jan,Q4,2019
310,2020-01-01,4755,38915554.0,0,0.0,Siddipet,Jan,Q4,2019
311,2020-01-01,6260,88354661.0,0,0.0,Yadadri Bhuvanagiri,Jan,Q4,2019
312,2020-01-01,3952,51248313.0,0,0.0,Mahabubnagar,Jan,Q4,2019
313,2020-01-01,1319,15156989.0,0,0.0,Nirmal,Jan,Q4,2019
314,2020-01-01,2205,26984780.0,0,0.0,Jagtial,Jan,Q4,2019
315,2020-01-01,5881,68267206.0,0,0.0,Nalgonda,Jan,Q4,2019
316,2020-01-01,3236,48049633.0,0,0.0,Suryapet,Jan,Q4,2019
317,2020-01-01,11954,935715174.0,0,0.0,Medchal_Malkajgiri,Jan,Q4,2019
318,2020-01-01,1197,15373698.0,0,0.0,Mahabubabad,Jan,Q4,2019
319,2020-01-01,2003,16030048.0,0,0.0,Wanaparthy,Jan,Q4,2019
320,2020-01-01,464,3913935.0,0,0.0,Kumurambheem Asifabad,Jan,Q4,2019
321,2020-02-01,586,13411321.0,0,0.0,Bhadradri Kothagudem,Feb,Q4,2019
322,2020-02-01,5856,177104500.0,0,0.0,Hanumakonda,Feb,Q4,2019
323,2020-02-01,9486,404209098.0,0,0.0,Sangareddy,Feb,Q4,2019
324,2020-02-01,1972,35184230.0,0,0.0,Peddapalli,Feb,Q4,2019
325,2020-02-01,1473,18929772.0,0,0.0,Adilabad,Feb,Q4,2019
326,2020-02-01,2751,32313940.0,0,0.0,Jangoan,Feb,Q4,2019
327,2020-02-01,5691,67972419.0,0,0.0,Nizamabad,Feb,Q4,2019
328,2020-02-01,1961,20439919.0,0,0.0,Nirmal,Feb,Q4,2019
329,2020-02-01,8209,103263040.0,0,0.0,Nalgonda,Feb,Q4,2019
330,2020-02-01,2173,32744775.0,0,0.0,Mancherial,Feb,Q4,2019
331,2020-02-01,441,4551190.0,0,0.0,Kumurambheem Asifabad,Feb,Q4,2019
332,2020-02-01,3789,33422107.0,0,0.0,Kamareddy,Feb,Q4,2019
333,2020-02-01,3807,78637089.0,0,0.0,Karimnagar,Feb,Q4,2019
334,2020-02-01,4852,69919895.0,0,0.0,Suryapet,Feb,Q4,2019
335,2020-02-01,2720,35896456.0,0,0.0,Jagtial,Feb,Q4,2019
336,2020-02-01,1139,16367430.0,0,0.0,Warangal,Feb,Q4,2019
337,2020-02-01,1626,21233617.0,0,0.0,Mahabubabad,Feb,Q4,2019
338,2020-02-01,3079,33549684.0,0,0.0,Medak,Feb,Q4,2019
339,2020-02-01,2486,24879936.0,0,0.0,Rajanna Sircilla,Feb,Q4,2019
340,2020-02-01,6187,738070176.0,0,0.0,Hyderabad,Feb,Q4,2019
341,2020-02-01,2594,30642558.0,0,0.0,Vikarabad,Feb,Q4,2019
342,2020-02-01,5534,45706795.0,0,0.0,Siddipet,Feb,Q4,2019
343,2020-02-01,26299,2200943399.0,0,0.0,Rangareddy,Feb,Q4,2019
344,2020-02-01,6101,113983602.0,0,0.0,Khammam,Feb,Q4,2019
345,2020-02-01,2130,15190030.0,0,0.0,Narayanpet,Feb,Q4,2019
346,2020-02-01,2098,17880967.0,0,0.0,Jogulamba Gadwal,Feb,Q4,2019
347,2020-02-01,7896,114481607.0,0,0.0,Yadadri Bhuvanagiri,Feb,Q4,2019
348,2020-02-01,4658,62577930.0,0,0.0,Mahabubnagar,Feb,Q4,2019
349,2020-02-01,2762,21330798.0,0,0.0,Wanaparthy,Feb,Q4,2019
350,2020-02-01,14898,1172865763.0,0,0.0,Medchal_Malkajgiri,Feb,Q4,2019
351,2020-02-01,654,6504433.0,0,0.0,Mulugu,Feb,Q4,2019
352,2020-02-01,3243,21676692.0,0,0.0,Nagarkurnool,Feb,Q4,2019
353,2020-03-01,1525,29553726.0,0,0.0,Mancherial,Mar,Q4,2019
354,2020-03-01,1734,28372288.0,0,0.0,Peddapalli,Mar,Q4,2019
355,2020-03-01,1928,12996208.0,0,0.0,Jogulamba Gadwal,Mar,Q4,2019
356,2020-03-01,5744,69051364.0,0,0.0,Nalgonda,Mar,Q4,2019
357,2020-03-01,478,21113825.0,0,0.0,Bhadradri Kothagudem,Mar,Q4,2019
358,2020-03-01,4552,639551082.0,0,0.0,Hyderabad,Mar,Q4,2019
359,2020-03-01,3065,21452512.0,0,0.0,Nagarkurnool,Mar,Q4,2019
360,2020-03-01,7382,389937640.0,0,0.0,Sangareddy,Mar,Q4,2019
361,2020-03-01,3868,86288684.0,0,0.0,Mahabubnagar,Mar,Q4,2019
362,2020-03-01,1839,13097423.0,0,0.0,Narayanpet,Mar,Q4,2019
363,2020-03-01,3711,33299677.0,0,0.0,Siddipet,Mar,Q4,2019
364,2020-03-01,414,3788075.0,0,0.0,Kumurambheem Asifabad,Mar,Q4,2019
365,2020-03-01,1122,17066492.0,0,0.0,Warangal,Mar,Q4,2019
366,2020-03-01,2047,21392237.0,0,0.0,Jangoan,Mar,Q4,2019
367,2020-03-01,4168,56216847.0,0,0.0,Nizamabad,Mar,Q4,2019
368,2020-03-01,3133,58938590.0,0,0.0,Karimnagar,Mar,Q4,2019
369,2020-03-01,2068,18392715.0,0,0.0,Rajanna Sircilla,Mar,Q4,2019
370,2020-03-01,5699,93196149.0,0,0.0,Yadadri Bhuvanagiri,Mar,Q4,2019
371,2020-03-01,2078,19040663.0,0,0.0,Medak,Mar,Q4,2019
372,2020-03-01,11009,827350110.0,0,0.0,Medchal_Malkajgiri,Mar,Q4,2019
373,2020-03-01,1061,12860578.0,0,0.0,Mahabubabad,Mar,Q4,2019
374,2020-03-01,2916,25385565.0,0,0.0,Kamareddy,Mar,Q4,2019
375,2020-03-01,4598,91595270.0,0,0.0,Khammam,Mar,Q4,2019
376,2020-03-01,1105,14473096.0,0,0.0,Adilabad,Mar,Q4,2019
377,2020-03-01,19281,1634579400.0,0,0.0,Rangareddy,Mar,Q4,2019
378,2020-03-01,2157,18193770.0,0,0.0,Wanaparthy,Mar,Q4,2019
379,2020-03-01,2014,26747225.0,0,0.0,Jagtial,Mar,Q4,2019
380,2020-03-01,4506,116917458.0,0,0.0,Hanumakonda,Mar,Q4,2019
381,2020-03-01,596,6225967.0,0,0.0,Mulugu,Mar,Q4,2019
382,2020-03-01,1988,21851696.0,0,0.0,Vikarabad,Mar,Q4,2019
383,2020-03-01,1591,16975713.0,0,0.0,Nirmal,Mar,Q4,2019
384,2020-03-01,3046,46034033.0,0,0.0,Suryapet,Mar,Q4,2019
385,2020-04-01,21,14090.0,0,0.0,Kamareddy,Apr,Q1,2020
386,2020-04-01,195,3249291.0,0,0.0,Nalgonda,Apr,Q1,2020
387,2020-04-01,188,3293465.0,0,0.0,Suryapet,Apr,Q1,2020
388,2020-04-01,18,719375.0,0,0.0,Bhadradri Kothagudem,Apr,Q1,2020
389,2020-04-01,419,868795.0,0,0.0,Khammam,Apr,Q1,2020
390,2020-04-01,2,0.0,0,0.0,Mahabubabad,Apr,Q1,2020
391,2020-04-01,46,1237635.0,0,0.0,Peddapalli,Apr,Q1,2020
392,2020-04-01,126,187510.0,0,0.0,Rajanna Sircilla,Apr,Q1,2020
393,2020-04-01,7,186260.0,0,0.0,Mancherial,Apr,Q1,2020
394,2020-04-01,1,0.0,0,0.0,Kumurambheem Asifabad,Apr,Q1,2020
395,2020-04-01,23,373625.0,0,0.0,Nirmal,Apr,Q1,2020
396,2020-04-01,422,7340232.0,0,0.0,Mahabubnagar,Apr,Q1,2020
397,2020-04-01,27,259770.0,0,0.0,Jangoan,Apr,Q1,2020
398,2020-04-01,90,2004050.0,0,0.0,Karimnagar,Apr,Q1,2020
399,2020-04-01,507,1083955.0,0,0.0,Nizamabad,Apr,Q1,2020
400,2020-04-01,4,30615.0,0,0.0,Jogulamba Gadwal,Apr,Q1,2020
401,2020-04-01,411,40548790.0,0,0.0,Rangareddy,Apr,Q1,2020
402,2020-04-01,155,26577040.0,0,0.0,Medchal_Malkajgiri,Apr,Q1,2020
403,2020-04-01,84,745700.0,0,0.0,Medak,Apr,Q1,2020
404,2020-04-01,115,2450622.0,0,0.0,Sangareddy,Apr,Q1,2020
405,2020-04-01,351,2980350.0,0,0.0,Nagarkurnool,Apr,Q1,2020
406,2020-04-01,9,107295.0,0,0.0,Adilabad,Apr,Q1,2020
407,2020-04-01,78,143310.0,0,0.0,Siddipet,Apr,Q1,2020
408,2020-04-01,308,8877215.0,0,0.0,Hanumakonda,Apr,Q1,2020
409,2020-04-01,33,246120.0,0,0.0,Mulugu,Apr,Q1,2020
410,2020-04-01,157,645215.0,0,0.0,Vikarabad,Apr,Q1,2020
411,2020-04-01,44,599955.0,0,0.0,Yadadri Bhuvanagiri,Apr,Q1,2020
412,2020-04-01,316,2317359.0,0,0.0,Wanaparthy,Apr,Q1,2020
413,2020-04-01,33,711680.0,0,0.0,Warangal,Apr,Q1,2020
414,2020-04-01,55,448760.0,0,0.0,Narayanpet,Apr,Q1,2020
415,2020-04-01,89,16746877.0,0,0.0,Hyderabad,Apr,Q1,2020
416,2020-04-01,158,1151995.0,0,0.0,Jagtial,Apr,Q1,2020
417,2020-05-01,4114,102895138.0,0,0.0,Sangareddy,May,Q1,2020
418,2020-05-01,1642,18028360.0,0,0.0,Jangoan,May,Q1,2020
419,2020-05-01,310,7120075.0,0,0.0,Bhadradri Kothagudem,May,Q1,2020
420,2020-05-01,2743,41541241.0,0,0.0,Suryapet,May,Q1,2020
421,2020-05-01,1557,21758258.0,0,0.0,Jagtial,May,Q1,2020
422,2020-05-01,943,7499276.0,0,0.0,Narayanpet,May,Q1,2020
423,2020-05-01,1425,14700340.0,0,0.0,Rajanna Sircilla,May,Q1,2020
424,2020-05-01,1764,16799076.0,0,0.0,Medak,May,Q1,2020
425,2020-05-01,3256,45967439.0,0,0.0,Yadadri Bhuvanagiri,May,Q1,2020
426,2020-05-01,3683,59134077.0,0,0.0,Khammam,May,Q1,2020
427,2020-05-01,467,4000670.0,0,0.0,Kumurambheem Asifabad,May,Q1,2020
428,2020-05-01,3107,27244759.0,0,0.0,Siddipet,May,Q1,2020
429,2020-05-01,3803,46347922.0,0,0.0,Nizamabad,May,Q1,2020
430,2020-05-01,1741,10955503.0,0,0.0,Wanaparthy,May,Q1,2020
431,2020-05-01,1247,25274662.0,0,0.0,Peddapalli,May,Q1,2020
432,2020-05-01,934,6993685.0,0,0.0,Jogulamba Gadwal,May,Q1,2020
433,2020-05-01,966,10058350.0,0,0.0,Nirmal,May,Q1,2020
434,2020-05-01,8235,696376142.0,0,0.0,Rangareddy,May,Q1,2020
435,2020-05-01,1467,195808943.0,0,0.0,Hyderabad,May,Q1,2020
436,2020-05-01,2547,14824532.0,0,0.0,Nagarkurnool,May,Q1,2020
437,2020-05-01,858,11400504.0,0,0.0,Adilabad,May,Q1,2020
438,2020-05-01,871,11619406.0,0,0.0,Warangal,May,Q1,2020
439,2020-05-01,5459,57559583.0,0,0.0,Nalgonda,May,Q1,2020
440,2020-05-01,1202,11190357.0,0,0.0,Vikarabad,May,Q1,2020
441,2020-05-01,477,4936481.0,0,0.0,Mulugu,May,Q1,2020
442,2020-05-01,2566,25446164.0,0,0.0,Mahabubnagar,May,Q1,2020
443,2020-05-01,5297,364890605.0,0,0.0,Medchal_Malkajgiri,May,Q1,2020
444,2020-05-01,986,16969358.0,0,0.0,Mancherial,May,Q1,2020
445,2020-05-01,2778,18287063.0,0,0.0,Kamareddy,May,Q1,2020
446,2020-05-01,2213,43473995.0,0,0.0,Karimnagar,May,Q1,2020
447,2020-05-01,1150,12109639.0,0,0.0,Mahabubabad,May,Q1,2020
448,2020-05-01,3197,103593555.0,0,0.0,Hanumakonda,May,Q1,2020
449,2020-06-01,7891,231403341.0,0,0.0,Sangareddy,Jun,Q1,2020
450,2020-06-01,1158,21166606.0,0,0.0,Bhadradri Kothagudem,Jun,Q1,2020
451,2020-06-01,17301,1340168790.0,0,0.0,Rangareddy,Jun,Q1,2020
452,2020-06-01,2861,37040260.0,0,0.0,Jagtial,Jun,Q1,2020
453,2020-06-01,2794,18409579.0,0,0.0,Jogulamba Gadwal,Jun,Q1,2020
454,2020-06-01,5158,36195705.0,0,0.0,Siddipet,Jun,Q1,2020
455,2020-06-01,4298,74922095.0,0,0.0,Karimnagar,Jun,Q1,2020
456,2020-06-01,5563,136723925.0,0,0.0,Hanumakonda,Jun,Q1,2020
457,2020-06-01,2041,33122565.0,0,0.0,Peddapalli,Jun,Q1,2020
458,2020-06-01,3460,20685876.0,0,0.0,Wanaparthy,Jun,Q1,2020
459,2020-06-01,2350,23977844.0,0,0.0,Nirmal,Jun,Q1,2020
460,2020-06-01,1203,10071357.0,0,0.0,Mulugu,Jun,Q1,2020
461,2020-06-01,2492,21296590.0,0,0.0,Vikarabad,Jun,Q1,2020
462,2020-06-01,1655,19995210.0,0,0.0,Adilabad,Jun,Q1,2020
463,2020-06-01,9957,93225717.0,0,0.0,Nalgonda,Jun,Q1,2020
464,2020-06-01,2301,25384475.0,0,0.0,Mahabubabad,Jun,Q1,2020
465,2020-06-01,2034,25828201.0,0,0.0,Mancherial,Jun,Q1,2020
466,2020-06-01,4299,48314427.0,0,0.0,Suryapet,Jun,Q1,2020
467,2020-06-01,6145,100011083.0,0,0.0,Khammam,Jun,Q1,2020
468,2020-06-01,4260,30195941.0,0,0.0,Kamareddy,Jun,Q1,2020
469,2020-06-01,3736,474294053.0,0,0.0,Hyderabad,Jun,Q1,2020
470,2020-06-01,4493,56964703.0,0,0.0,Mahabubnagar,Jun,Q1,2020
471,2020-06-01,4748,26260334.0,0,0.0,Nagarkurnool,Jun,Q1,2020
472,2020-06-01,9528,795974924.0,0,0.0,Medchal_Malkajgiri,Jun,Q1,2020
473,2020-06-01,3071,23888811.0,0,0.0,Medak,Jun,Q1,2020
474,2020-06-01,1880,13632959.0,0,0.0,Narayanpet,Jun,Q1,2020
475,2020-06-01,2669,24731636.0,0,0.0,Jangoan,Jun,Q1,2020
476,2020-06-01,6348,100788159.0,0,0.0,Yadadri Bhuvanagiri,Jun,Q1,2020
477,2020-06-01,2484,23699624.0,0,0.0,Rajanna Sircilla,Jun,Q1,2020
478,2020-06-01,686,6728775.0,0,0.0,Kumurambheem Asifabad,Jun,Q1,2020
479,2020-06-01,1668,20612845.0,0,0.0,Warangal,Jun,Q1,2020
480,2020-06-01,5664,65634582.0,0,0.0,Nizamabad,Jun,Q1,2020
481,2020-07-01,2626,24846073.0,0,0.0,Jangoan,Jul,Q2,2020
482,2020-07-01,2401,19753266.0,0,0.0,Nirmal,Jul,Q2,2020
483,2020-07-01,3589,56763680.0,0,0.0,Karimnagar,Jul,Q2,2020
484,2020-07-01,2287,31524458.0,0,0.0,Jagtial,Jul,Q2,2020
485,2020-07-01,4970,62997902.0,0,0.0,Nizamabad,Jul,Q2,2020
486,2020-07-01,8091,200034404.0,0,0.0,Nalgonda,Jul,Q2,2020
487,2020-07-01,2691,17486266.0,0,0.0,Jogulamba Gadwal,Jul,Q2,2020
488,2020-07-01,7769,81707214.0,0,0.0,Khammam,Jul,Q2,2020
489,2020-07-01,1014,8359419.0,0,0.0,Mulugu,Jul,Q2,2020
490,2020-07-01,2482,17181168.0,0,0.0,Narayanpet,Jul,Q2,2020
491,2020-07-01,6403,81409172.0,0,0.0,Yadadri Bhuvanagiri,Jul,Q2,2020
492,2020-07-01,1974,28755915.0,0,0.0,Mancherial,Jul,Q2,2020
493,2020-07-01,15985,1145364702.0,0,0.0,Rangareddy,Jul,Q2,2020
494,2020-07-01,606,5562265.0,0,0.0,Kumurambheem Asifabad,Jul,Q2,2020
495,2020-07-01,5047,43355386.0,0,0.0,Siddipet,Jul,Q2,2020
496,2020-07-01,3520,24758355.0,0,0.0,Kamareddy,Jul,Q2,2020
497,2020-07-01,4192,21883871.0,0,0.0,Nagarkurnool,Jul,Q2,2020
498,2020-07-01,1519,17391525.0,0,0.0,Adilabad,Jul,Q2,2020
499,2020-07-01,1553,19450450.0,0,0.0,Warangal,Jul,Q2,2020
500,2020-07-01,2421,14314199.0,0,0.0,Wanaparthy,Jul,Q2,2020
501,2020-07-01,7812,267403842.0,0,0.0,Sangareddy,Jul,Q2,2020
502,2020-07-01,2264,19409973.0,0,0.0,Rajanna Sircilla,Jul,Q2,2020
503,2020-07-01,3219,27351650.0,0,0.0,Medak,Jul,Q2,2020
504,2020-07-01,1050,12263135.0,0,0.0,Bhadradri Kothagudem,Jul,Q2,2020
505,2020-07-01,8779,779130964.0,0,0.0,Medchal_Malkajgiri,Jul,Q2,2020
506,2020-07-01,4253,45734277.0,0,0.0,Suryapet,Jul,Q2,2020
507,2020-07-01,2127,21774457.0,0,0.0,Mahabubabad,Jul,Q2,2020
508,2020-07-01,2008,43776827.0,0,0.0,Peddapalli,Jul,Q2,2020
509,2020-07-01,3696,47677705.0,0,0.0,Mahabubnagar,Jul,Q2,2020
510,2020-07-01,3586,444890171.0,0,0.0,Hyderabad,Jul,Q2,2020
511,2020-07-01,2065,18569435.0,0,0.0,Vikarabad,Jul,Q2,2020
512,2020-07-01,4673,140883295.0,0,0.0,Hanumakonda,Jul,Q2,2020
513,2020-08-01,1368,14192658.0,0,0.0,Mahabubabad,Aug,Q2,2020
514,2020-08-01,2101,20456003.0,0,0.0,Vikarabad,Aug,Q2,2020
515,2020-08-01,2927,37165592.0,0,0.0,Suryapet,Aug,Q2,2020
516,2020-08-01,323,4543905.0,0,0.0,Kumurambheem Asifabad,Aug,Q2,2020
517,2020-08-01,1587,24123858.0,0,0.0,Peddapalli,Aug,Q2,2020
518,2020-08-01,2645,19678104.0,0,0.0,Kamareddy,Aug,Q2,2020
519,2020-08-01,5690,56367917.0,0,0.0,Khammam,Aug,Q2,2020
520,2020-08-01,2138,17423399.0,0,0.0,Rajanna Sircilla,Aug,Q2,2020
521,2020-08-01,1743,14686219.0,0,0.0,Medak,Aug,Q2,2020
522,2020-08-01,1642,15773984.0,0,0.0,Nirmal,Aug,Q2,2020
523,2020-08-01,8852,748218717.0,0,0.0,Medchal_Malkajgiri,Aug,Q2,2020
524,2020-08-01,15826,1466457963.0,0,0.0,Rangareddy,Aug,Q2,2020
525,2020-08-01,554,5236969.0,0,0.0,Mulugu,Aug,Q2,2020
526,2020-08-01,3523,20052643.0,0,0.0,Nagarkurnool,Aug,Q2,2020
527,2020-08-01,3544,61381830.0,0,0.0,Karimnagar,Aug,Q2,2020
528,2020-08-01,1943,20663415.0,0,0.0,Jangoan,Aug,Q2,2020
529,2020-08-01,2045,17556449.0,0,0.0,Jogulamba Gadwal,Aug,Q2,2020
530,2020-08-01,5299,66790432.0,0,0.0,Nizamabad,Aug,Q2,2020
531,2020-08-01,5610,106279664.0,0,0.0,Nalgonda,Aug,Q2,2020
532,2020-08-01,2895,41587078.0,0,0.0,Mahabubnagar,Aug,Q2,2020
533,2020-08-01,4865,78393418.0,0,0.0,Yadadri Bhuvanagiri,Aug,Q2,2020
534,2020-08-01,1843,9868395.0,0,0.0,Narayanpet,Aug,Q2,2020
535,2020-08-01,505,10083170.0,0,0.0,Bhadradri Kothagudem,Aug,Q2,2020
536,2020-08-01,3586,100402366.0,0,0.0,Hanumakonda,Aug,Q2,2020
537,2020-08-01,2953,17381103.0,0,0.0,Wanaparthy,Aug,Q2,2020
538,2020-08-01,1541,24322890.0,0,0.0,Mancherial,Aug,Q2,2020
539,2020-08-01,3122,27329996.0,0,0.0,Siddipet,Aug,Q2,2020
540,2020-08-01,1678,19612368.0,0,0.0,Jagtial,Aug,Q2,2020
541,2020-08-01,1135,13378751.0,0,0.0,Warangal,Aug,Q2,2020
542,2020-08-01,3380,448254114.0,0,0.0,Hyderabad,Aug,Q2,2020
543,2020-08-01,6556,271109530.0,0,0.0,Sangareddy,Aug,Q2,2020
544,2020-08-01,1050,15949571.0,0,0.0,Adilabad,Aug,Q2,2020
545,2020-09-01,743,89569247.0,0,0.0,Hyderabad,Sep,Q2,2020
546,2020-09-01,870,4818945.0,0,0.0,Kamareddy,Sep,Q2,2020
547,2020-09-01,323,7613005.0,0,0.0,Mancherial,Sep,Q2,2020
548,2020-09-01,279,2818601.0,0,0.0,Warangal,Sep,Q2,2020
549,2020-09-01,1492,159247135.0,0,0.0,Medchal_Malkajgiri,Sep,Q2,2020
550,2020-09-01,283,2307720.0,0,0.0,Nirmal,Sep,Q2,2020
551,2020-09-01,734,14760342.0,0,0.0,Yadadri Bhuvanagiri,Sep,Q2,2020
552,2020-09-01,59,471595.0,0,0.0,Kumurambheem Asifabad,Sep,Q2,2020
553,2020-09-01,442,5707537.0,0,0.0,Peddapalli,Sep,Q2,2020
554,2020-09-01,412,4692187.0,0,0.0,Bhadradri Kothagudem,Sep,Q2,2020
555,2020-09-01,388,3980640.0,0,0.0,Vikarabad,Sep,Q2,2020
556,2020-09-01,284,3757007.0,0,0.0,Mahabubabad,Sep,Q2,2020
557,2020-09-01,598,2473585.0,0,0.0,Nagarkurnool,Sep,Q2,2020
558,2020-09-01,545,5525051.0,0,0.0,Mahabubnagar,Sep,Q2,2020
559,2020-09-01,1233,18346350.0,0,0.0,Khammam,Sep,Q2,2020
560,2020-09-01,404,1399025.0,0,0.0,Wanaparthy,Sep,Q2,2020
561,2020-09-01,1398,12833431.0,0,0.0,Nizamabad,Sep,Q2,2020
562,2020-09-01,895,23888325.0,0,0.0,Hanumakonda,Sep,Q2,2020
563,2020-09-01,210,3107344.0,0,0.0,Adilabad,Sep,Q2,2020
564,2020-09-01,410,3532090.0,0,0.0,Rajanna Sircilla,Sep,Q2,2020
565,2020-09-01,940,5839828.0,0,0.0,Siddipet,Sep,Q2,2020
566,2020-09-01,1410,86920303.0,0,0.0,Sangareddy,Sep,Q2,2020
567,2020-09-01,476,4925129.0,0,0.0,Jangoan,Sep,Q2,2020
568,2020-09-01,389,1957570.0,0,0.0,Mulugu,Sep,Q2,2020
569,2020-09-01,739,6131140.0,0,0.0,Jagtial,Sep,Q2,2020
570,2020-09-01,738,8754881.0,0,0.0,Suryapet,Sep,Q2,2020
571,2020-09-01,377,3690710.0,0,0.0,Medak,Sep,Q2,2020
572,2020-09-01,3140,378347267.0,0,0.0,Rangareddy,Sep,Q2,2020
573,2020-09-01,350,3198273.0,0,0.0,Jogulamba Gadwal,Sep,Q2,2020
574,2020-09-01,1281,13842466.0,0,0.0,Nalgonda,Sep,Q2,2020
575,2020-09-01,839,16567580.0,0,0.0,Karimnagar,Sep,Q2,2020
576,2020-09-01,574,3192380.0,0,0.0,Narayanpet,Sep,Q2,2020
577,2020-10-01,8,8800.0,0,0.0,Nalgonda,Oct,Q3,2020
578,2020-10-01,4,4400.0,0,0.0,Rajanna Sircilla,Oct,Q3,2020
579,2020-10-01,0,0.0,0,0.0,Peddapalli,Oct,Q3,2020
580,2020-10-01,77,84800.0,0,0.0,Rangareddy,Oct,Q3,2020
581,2020-10-01,1,1100.0,0,0.0,Warangal,Oct,Q3,2020
582,2020-10-01,0,0.0,0,0.0,Nagarkurnool,Oct,Q3,2020
583,2020-10-01,5,5500.0,0,0.0,Nizamabad,Oct,Q3,2020
584,2020-10-01,2,2200.0,0,0.0,Kamareddy,Oct,Q3,2020
585,2020-10-01,19,20900.0,0,0.0,Bhadradri Kothagudem,Oct,Q3,2020
586,2020-10-01,0,0.0,0,0.0,Mahabubabad,Oct,Q3,2020
587,2020-10-01,1,1100.0,0,0.0,Jogulamba Gadwal,Oct,Q3,2020
588,2020-10-01,0,0.0,0,0.0,Jangoan,Oct,Q3,2020
589,2020-10-01,189,215210.0,0,0.0,Hyderabad,Oct,Q3,2020
590,2020-10-01,23,25440.0,0,0.0,Hanumakonda,Oct,Q3,2020
591,2020-10-01,1,1100.0,0,0.0,Yadadri Bhuvanagiri,Oct,Q3,2020
592,2020-10-01,13,15400.0,0,0.0,Karimnagar,Oct,Q3,2020
593,2020-10-01,3,3060.0,0,0.0,Mancherial,Oct,Q3,2020
594,2020-10-01,4,4400.0,0,0.0,Siddipet,Oct,Q3,2020
595,2020-10-01,0,0.0,0,0.0,Medak,Oct,Q3,2020
596,2020-10-01,5,5500.0,0,0.0,Suryapet,Oct,Q3,2020
597,2020-10-01,0,0.0,0,0.0,Mulugu,Oct,Q3,2020
598,2020-10-01,1,1105.0,0,0.0,Wanaparthy,Oct,Q3,2020
599,2020-10-01,0,0.0,0,0.0,Narayanpet,Oct,Q3,2020
600,2020-10-01,73,80300.0,0,0.0,Medchal_Malkajgiri,Oct,Q3,2020
601,2020-10-01,0,0.0,0,0.0,Kumurambheem Asifabad,Oct,Q3,2020
602,2020-10-01,5,5700.0,0,0.0,Sangareddy,Oct,Q3,2020
603,2020-10-01,26,29700.0,0,0.0,Khammam,Oct,Q3,2020
604,2020-10-01,0,0.0,0,0.0,Nirmal,Oct,Q3,2020
605,2020-10-01,2,2200.0,0,0.0,Adilabad,Oct,Q3,2020
606,2020-10-01,3,3300.0,0,0.0,Vikarabad,Oct,Q3,2020
607,2020-10-01,11,12100.0,0,0.0,Jagtial,Oct,Q3,2020
608,2020-10-01,4,4400.0,0,0.0,Mahabubnagar,Oct,Q3,2020
609,2020-11-01,0,0.0,0,0.0,Mahabubabad,Nov,Q3,2020
610,2020-11-01,30,33000.0,0,0.0,Rangareddy,Nov,Q3,2020
611,2020-11-01,5,7500.0,0,0.0,Jagtial,Nov,Q3,2020
612,2020-11-01,17,18700.0,0,0.0,Hanumakonda,Nov,Q3,2020
613,2020-11-01,0,0.0,0,0.0,Warangal,Nov,Q3,2020
614,2020-11-01,13,15300.0,0,0.0,Khammam,Nov,Q3,2020
615,2020-11-01,3,3300.0,0,0.0,Sangareddy,Nov,Q3,2020
616,2020-11-01,1,1100.0,0,0.0,Jogulamba Gadwal,Nov,Q3,2020
617,2020-11-01,0,0.0,0,0.0,Nagarkurnool,Nov,Q3,2020
618,2020-11-01,2,2200.0,0,0.0,Kamareddy,Nov,Q3,2020
619,2020-11-01,70,77000.0,0,0.0,Medchal_Malkajgiri,Nov,Q3,2020
620,2020-11-01,4,4520.0,0,0.0,Vikarabad,Nov,Q3,2020
621,2020-11-01,0,0.0,0,0.0,Nirmal,Nov,Q3,2020
622,2020-11-01,2,2200.0,0,0.0,Peddapalli,Nov,Q3,2020
623,2020-11-01,8,8800.0,0,0.0,Karimnagar,Nov,Q3,2020
624,2020-11-01,0,0.0,0,0.0,Wanaparthy,Nov,Q3,2020
625,2020-11-01,1,1100.0,0,0.0,Adilabad,Nov,Q3,2020
626,2020-11-01,5,5505.0,0,0.0,Suryapet,Nov,Q3,2020
627,2020-11-01,2,3040.0,0,0.0,Mancherial,Nov,Q3,2020
628,2020-11-01,0,0.0,0,0.0,Mulugu,Nov,Q3,2020
629,2020-11-01,0,0.0,0,0.0,Narayanpet,Nov,Q3,2020
630,2020-11-01,10,12000.0,0,0.0,Bhadradri Kothagudem,Nov,Q3,2020
631,2020-11-01,8,8800.0,0,0.0,Nizamabad,Nov,Q3,2020
632,2020-11-01,3,3200.0,0,0.0,Siddipet,Nov,Q3,2020
633,2020-11-01,0,0.0,0,0.0,Yadadri Bhuvanagiri,Nov,Q3,2020
634,2020-11-01,3,6460.0,0,0.0,Mahabubnagar,Nov,Q3,2020
635,2020-11-01,0,0.0,0,0.0,Nalgonda,Nov,Q3,2020
636,2020-11-01,88,100800.0,0,0.0,Hyderabad,Nov,Q3,2020
637,2020-11-01,0,0.0,0,0.0,Kumurambheem Asifabad,Nov,Q3,2020
638,2020-11-01,0,0.0,0,0.0,Medak,Nov,Q3,2020
639,2020-11-01,2,2200.0,0,0.0,Rajanna Sircilla,Nov,Q3,2020
640,2020-11-01,0,0.0,0,0.0,Jangoan,Nov,Q3,2020
